{
    "model": "rfdetr_large",
    "mAP50": 0.6891597410857716,
    "mAP50-95": 0.4435642266638168,
    "precision": 0.9573999717778662,
    "recall": 0.8569343065693431
}