{
    "model": "rfdetr-large",
    "mAP50": 0.6892887957347278,
    "mAP50-95": 0.4486063182348764,
    "precision": 0.9577109149550161,
    "recall": 0.8656934306569343
}