{
    "model": "yolo26m",
    "mAP50": 0.8748937018819563,
    "mAP50-95": 0.5619941919239806,
    "precision": 0.9022552545930722,
    "recall": 0.8430531483391754
}