{
    "model": "yolo26m",
    "mAP50": 0.8494345761826111,
    "mAP50-95": 0.547605320308538,
    "precision": 0.8500696834445689,
    "recall": 0.8205256193181825,
    "fitness": 0.547605320308538
}