{
    "model": "yolo26s",
    "mAP50": 0.8701715817901176,
    "mAP50-95": 0.5688797382840323,
    "precision": 0.8940473841728971,
    "recall": 0.8218179825949687,
    "fitness": 0.5688797382840323
}