{
    "model": "yolo26n",
    "mAP50": 0.839315302937736,
    "mAP50-95": 0.5407774292778436,
    "precision": 0.8516625109711344,
    "recall": 0.8102824729709152,
    "fitness": 0.5407774292778436
}