{
    "model": "yolo26m",
    "mAP50": 0.8748492445556015,
    "mAP50-95": 0.561922549795734,
    "precision": 0.9023991316359428,
    "recall": 0.8426983401857774,
    "fitness": 0.561922549795734
}