{
    "model": "yolo26l",
    "mAP50": 0.8350744852622973,
    "mAP50-95": 0.5303559496221244,
    "precision": 0.8900242099224256,
    "recall": 0.7982531359052807
}